timestamp_iso,source,ecg1,ecg2,spo2_wave,resp_wave,heart_rate,systolic,diastolic,mean_pressure,pulse_rate,spo2,respiration_rate,temperature1,temperature2,cuff_pressure,raw_hex
2026-09-03T17:55:02.936Z,simulation,0.00020,-0.00008,0.28887,0.00000,72,120,78,92,72,98,16,36.7,36.9,0,
2026-09-03T17:55:02.955Z,simulation,-0.00298,0.01072,0.39674,0.00000,72,120,78,92,72,98,16,36.7,36.9,0,
2026-09-03T17:55:02.974Z,simulation,0.00979,0.00231,0.53048,0.06697,72,120,78,92,72,98,16,36.7,36.9,0,
2026-09-03T17:55:02.995Z,simulation,0.01687,0.02011,0.67664,0.00000,72,120,78,92,72,98,16,36.7,36.9,0,
2026-09-03T17:55:03.015Z,simulation,0.03047,0.05126,0.81323,0.13364,72,120,78,92,72,98,16,36.7,36.9,0,
2026-09-03T17:55:03.035Z,simulation,0.06937,0.09167,0.91460,0.00000,72,120,78,92,72,98,16,36.7,36.9,0,
2026-09-03T17:55:03.055Z,simulation,0.11246,0.10700,0.95909,0.19971,72,120,78,92,72,98,16,36.7,36.9,0,
2026-09-03T17:55:03.075Z,simulation,0.12298,0.07799,0.93664,0.00000,72,120,78,92,72,98,16,36.7,36.9,0,
2026-09-03T17:55:03.095Z,simulation,0.08093,0.04609,0.85249,0.26488,72,120,78,92,72,98,16,36.7,36.9,0,
2026-09-03T17:55:03.115Z,simulation,0.03947,0.00984,0.72531,0.00000,72,120,78,92,72,98,16,36.7,36.9,0,
2026-09-03T17:55:03.135Z,simulation,0.02689,0.01300,0.58070,0.32887,72,120,78,92,72,98,16,36.7,36.9,0,
2026-09-03T17:55:03.155Z,simulation,0.00699,0.00134,0.44317,0.00000,72,120,78,92,72,98,16,36.7,36.9,0,
2026-09-03T17:55:03.175Z,simulation,0.00900,-0.00249,0.32994,0.39137,72,120,78,92,72,98,16,36.7,36.9,0,
2026-09-03T17:55:03.195Z,simulation,0.00764,-0.10646,0.24743,0.00000,72,120,78,92,72,98,16,36.7,36.9,0,
2026-09-03T17:55:03.215Z,simulation,-0.14625,0.01919,0.18861,0.45212,72,120,78,92,72,98,16,36.7,36.9,0,
2026-09-03T17:55:03.236Z,simulation,0.08866,0.88834,0.13684,0.00000,72,120,78,92,72,98,16,36.7,36.9,0,
2026-09-03T17:55:03.255Z,simulation,1.08076,-0.13979,0.09138,0.51084,72,120,78,92,72,98,16,36.7,36.9,0,
2026-09-03T17:55:03.275Z,simulation,-0.25177,-0.14796,0.08697,0.00000,72,120,78,92,72,98,16,36.7,36.9,0,
2026-09-03T17:55:03.295Z,simulation,-0.16585,0.01331,0.14617,0.56727,72,120,78,92,72,98,16,36.7,36.9,0,
2026-09-03T17:55:03.315Z,simulation,0.01355,0.03320,0.23187,0.00000,72,120,78,92,72,98,16,36.7,36.9,0,
2026-09-03T17:55:03.335Z,simulation,0.02750,0.03315,0.29514,0.62115,72,120,78,92,72,98,16,36.7,36.9,0,
2026-09-03T17:55:03.355Z,simulation,0.05997,0.06991,0.32435,0.00000,72,120,78,92,72,98,16,36.7,36.9,0,
2026-09-03T17:55:03.375Z,simulation,0.08009,0.11386,0.32826,0.67224,72,120,78,92,72,98,16,36.7,36.9,0,
2026-09-03T17:55:03.395Z,simulation,0.15126,0.17343,0.31414,0.00000,72,120,78,92,72,98,16,36.7,36.9,0,
2026-09-03T17:55:03.415Z,simulation,0.20944,0.22325,0.28687,0.72031,72,120,78,92,72,98,16,36.7,36.9,0,
2026-09-03T17:55:03.434Z,simulation,0.27594,0.26686,0.25187,0.00000,72,120,78,92,72,98,16,36.7,36.9,0,
2026-09-03T17:55:03.455Z,simulation,0.33406,0.27714,0.21495,0.76515,72,120,78,92,72,98,16,36.7,36.9,0,
2026-09-03T17:55:03.476Z,simulation,0.34653,0.24249,0.18103,0.00000,72,120,78,92,72,98,16,36.7,36.9,0,
2026-09-03T17:55:03.495Z,simulation,0.30238,0.19660,0.15320,0.80655,72,120,78,92,72,98,16,36.7,36.9,0,
2026-09-03T17:55:03.515Z,simulation,0.23722,0.14741,0.13253,0.00000,72,120,78,92,72,98,16,36.7,36.9,0,
2026-09-03T17:55:03.535Z,simulation,0.16999,0.09103,0.11853,0.84433,72,120,78,92,72,98,16,36.7,36.9,0,
2026-09-03T17:55:03.555Z,simulation,0.11545,0.05448,0.10983,0.00000,72,120,78,92,72,98,16,36.7,36.9,0,
2026-09-03T17:55:03.574Z,simulation,0.07876,0.04896,0.10486,0.87832,72,120,78,92,72,98,16,36.7,36.9,0,
2026-09-03T17:55:03.595Z,simulation,0.04339,0.02985,0.10223,0.00000,72,120,78,92,72,98,16,36.7,36.9,0,
2026-09-03T17:55:03.614Z,simulation,0.04028,0.02199,0.10096,0.90836,72,120,78,92,72,98,16,36.7,36.9,0,
2026-09-03T17:55:03.635Z,simulation,0.02093,0.03086,0.10038,0.00000,72,120,78,92,72,98,16,36.7,36.9,0,
2026-09-03T17:55:03.655Z,simulation,0.03342,0.01673,0.10014,0.93433,72,120,78,92,72,98,16,36.7,36.9,0,
2026-09-03T17:55:03.675Z,simulation,0.02714,0.02656,0.10005,0.00000,72,120,78,92,72,98,16,36.7,36.9,0,
2026-09-03T17:55:03.695Z,simulation,0.03314,0.02185,0.10002,0.95610,72,120,78,92,72,98,16,36.7,36.9,0,
2026-09-03T17:55:03.715Z,simulation,0.02242,0.03339,0.10000,0.00000,72,120,78,92,72,98,16,36.7,36.9,0,
2026-09-03T17:55:03.736Z,simulation,0.02568,0.01771,0.10000,0.97358,72,120,78,92,72,98,16,36.7,36.9,0,
2026-09-03T17:55:03.755Z,simulation,0.01973,0.01885,0.10000,0.00000,72,120,78,92,72,98,16,36.7,36.9,0,
2026-09-03T17:55:03.775Z,simulation,0.01755,0.01790,0.32152,0.98669,72,120,78,92,72,98,16,36.7,36.9,0,
2026-09-03T17:55:03.795Z,simulation,0.02662,0.03001,0.43891,0.00000,72,120,78,92,72,98,16,36.7,36.9,0,
2026-09-03T17:55:03.815Z,simulation,0.02179,0.02739,0.57876,0.99536,72,120,78,92,72,98,16,36.7,36.9,0,
2026-09-03T17:55:03.835Z,simulation,0.03695,0.04146,0.72449,0.00000,72,120,78,92,72,98,16,36.7,36.9,0,
2026-09-03T17:55:03.855Z,simulation,0.06049,0.07973,0.85217,0.99957,72,120,78,92,72,98,16,36.7,36.9,0,
2026-09-03T17:55:03.875Z,simulation,0.09328,0.11892,0.93654,0.00000,72,120,78,92,72,98,16,36.7,36.9,0,
2026-09-03T17:55:03.895Z,simulation,0.13393,0.11779,0.95911,0.99929,72,120,78,92,72,98,16,36.7,36.9,0,
2026-09-03T17:55:03.915Z,simulation,0.13916,0.06952,0.91475,0.00000,73,120,78,92,73,98,16,36.7,36.9,0,
2026-09-03T17:55:03.935Z,simulation,0.06329,0.03846,0.72043,0.99452,73,120,78,92,73,98,16,36.7,36.9,0,
2026-09-03T17:55:03.955Z,simulation,0.02917,0.02909,0.57368,0.00000,73,120,78,92,73,98,16,36.7,36.9,0,
2026-09-03T17:55:03.975Z,simulation,0.02977,0.02063,0.43525,0.98529,73,120,78,92,73,98,16,36.7,36.9,0,
2026-09-03T17:55:03.995Z,simulation,0.02968,0.01650,0.32256,0.00000,73,120,78,92,73,98,16,36.7,36.9,0,
2026-09-03T17:55:04.015Z,simulation,0.00274,-0.10342,0.24137,0.97163,73,120,78,92,73,98,16,36.7,36.9,0,
2026-09-03T17:55:04.034Z,simulation,-0.15153,0.09812,0.18316,0.00000,73,120,78,92,73,98,16,36.7,36.9,0,
2026-09-03T17:55:04.055Z,simulation,0.22468,0.82504,0.13076,0.95361,73,120,78,92,73,98,16,36.7,36.9,0,
2026-09-03T17:55:04.075Z,simulation,0.90848,-0.19774,0.08748,0.00000,73,120,78,92,73,98,16,36.7,36.9,0,
2026-09-03T17:55:04.095Z,simulation,-0.28498,-0.08865,0.09189,0.93131,73,120,78,92,73,98,16,36.7,36.9,0,
2026-09-03T17:55:04.115Z,simulation,-0.09978,0.02892,0.15964,0.00000,73,120,78,92,73,98,16,36.7,36.9,0,
2026-09-03T17:55:04.135Z,simulation,0.02610,0.03769,0.24530,0.90483,73,120,78,92,73,98,16,36.7,36.9,0,
2026-09-03T17:55:04.155Z,simulation,0.03005,0.05166,0.30302,0.00000,73,120,78,92,73,98,16,36.7,36.9,0,
2026-09-03T17:55:04.175Z,simulation,0.06391,0.07640,0.32687,0.87428,73,120,78,92,73,98,16,36.7,36.9,0,
2026-09-03T17:55:04.195Z,simulation,0.09878,0.12302,0.32657,0.00000,73,120,78,92,73,98,16,36.7,36.9,0,
2026-09-03T17:55:04.215Z,simulation,0.15500,0.17306,0.30888,0.83981,73,120,78,92,73,98,16,36.7,36.9,0,
2026-09-03T17:55:04.235Z,simulation,0.22888,0.23676,0.27885,0.00000,73,120,78,92,73,98,16,36.7,36.9,0,
2026-09-03T17:55:04.255Z,simulation,0.29798,0.25982,0.24234,0.80157,73,120,78,92,73,98,16,36.7,36.9,0,
2026-09-03T17:55:04.275Z,simulation,0.34131,0.26406,0.20530,0.00000,73,120,78,92,73,98,16,36.7,36.9,0,
2026-09-03T17:55:04.295Z,simulation,0.33430,0.23067,0.17241,0.75973,73,120,78,92,73,98,16,36.7,36.9,0,
2026-09-03T17:55:04.315Z,simulation,0.28992,0.17973,0.14628,0.00000,73,120,78,92,73,98,16,36.7,36.9,0,
2026-09-03T17:55:04.335Z,simulation,0.20973,0.11577,0.12749,0.71447,73,120,78,92,73,98,16,36.7,36.9,0,
2026-09-03T17:55:04.355Z,simulation,0.13783,0.07866,0.11518,0.00000,73,120,78,92,73,98,16,36.7,36.9,0,
2026-09-03T17:55:04.376Z,simulation,0.09443,0.04107,0.10779,0.66601,73,120,78,92,73,98,16,36.7,36.9,0,
2026-09-03T17:55:04.395Z,simulation,0.04629,0.02480,0.10372,0.00000,73,120,78,92,73,98,16,36.7,36.9,0,
2026-09-03T17:55:04.415Z,simulation,0.02693,0.01120,0.10165,0.61456,73,120,78,92,73,98,16,36.7,36.9,0,
2026-09-03T17:55:04.435Z,simulation,0.01021,0.00427,0.10068,0.00000,73,120,78,92,73,98,16,36.7,36.9,0,
2026-09-03T17:55:04.455Z,simulation,0.01009,0.01999,0.10026,0.56035,73,120,78,92,73,98,16,36.7,36.9,0,
2026-09-03T17:55:04.475Z,simulation,0.00426,0.00502,0.10009,0.00000,73,120,78,92,73,98,16,36.7,36.9,0,
2026-09-03T17:55:04.495Z,simulation,0.01572,0.00227,0.10003,0.50362,73,120,78,92,73,98,16,36.7,36.9,0,
2026-09-03T17:55:04.515Z,simulation,0.00989,0.01292,0.10001,0.00000,73,120,78,92,73,98,16,36.7,36.9,0,
2026-09-03T17:55:04.535Z,simulation,-0.00106,0.00548,0.10000,0.44464,73,120,78,92,73,98,16,36.7,36.9,0,
2026-09-03T17:55:04.556Z,simulation,0.00449,0.00499,0.10000,0.00000,73,120,78,92,73,98,16,36.7,36.9,0,
2026-09-03T17:55:04.575Z,simulation,0.00401,0.01013,0.27200,0.38365,73,120,78,92,73,98,16,36.7,36.9,0,
2026-09-03T17:55:04.595Z,simulation,0.01264,0.01039,0.37593,0.00000,73,120,78,92,73,98,16,36.7,36.9,0,
2026-09-03T17:55:04.615Z,simulation,0.00633,0.01210,0.50782,0.32094,73,120,78,92,73,98,16,36.7,36.9,0,
2026-09-03T17:55:04.635Z,simulation,0.00493,0.01934,0.65532,0.00000,73,120,78,92,73,98,16,36.7,36.9,0,
2026-09-03T17:55:04.655Z,simulation,0.01797,0.04313,0.79668,0.25680,73,120,78,92,73,98,16,36.7,36.9,0,
2026-09-03T17:55:04.675Z,simulation,0.06395,0.07013,0.90525,0.00000,73,120,78,92,73,98,16,36.7,36.9,0,
2026-09-03T17:55:04.695Z,simulation,0.10534,0.09187,0.95753,0.19149,73,120,78,92,73,98,16,36.7,36.9,0,
2026-09-03T17:55:04.715Z,simulation,0.12599,0.06760,0.94139,0.00000,73,120,78,92,73,98,16,36.7,36.9,0,
2026-09-03T17:55:04.735Z,simulation,0.07440,0.03568,0.86073,0.12533,73,120,78,92,73,98,16,36.7,36.9,0,
2026-09-03T17:55:04.755Z,simulation,0.03182,0.01135,0.73405,0.00000,73,120,78,92,73,98,16,36.7,36.9,0,
2026-09-03T17:55:04.775Z,simulation,0.01444,-0.00952,0.58775,0.05861,73,120,78,92,73,98,16,36.7,36.9,0,
2026-09-03T17:55:04.795Z,simulation,0.00090,-0.00193,0.44761,0.00000,73,120,78,92,73,98,16,36.7,36.9,0,
2026-09-03T17:55:04.814Z,simulation,-0.01096,-0.00528,0.33199,-0.00838,73,120,78,92,73,98,16,36.7,36.9,0,
2026-09-03T17:55:04.835Z,simulation,-0.01476,-0.11977,0.24791,0.00000,73,120,78,92,73,98,16,36.7,36.9,0,
2026-09-03T17:55:04.855Z,simulation,-0.17511,0.00988,0.18825,-0.07533,73,120,78,92,73,98,16,36.7,36.9,0,
2026-09-03T17:55:04.876Z,simulation,0.08768,0.86562,0.13577,0.00000,73,120,78,92,73,98,16,36.7,36.9,0,
2026-09-03T17:55:04.895Z,simulation,1.01706,-0.18758,0.09028,-0.14194,73,120,78,92,73,98,16,36.7,36.9,0,
2026-09-03T17:55:04.915Z,simulation,-0.29048,-0.15255,0.08845,0.00000,73,120,78,92,73,98,16,36.7,36.9,0,
2026-09-03T17:55:04.935Z,simulation,-0.16376,-0.01926,0.15137,-0.20791,73,120,78,92,73,98,16,36.7,36.9,0,
2026-09-03T17:55:04.955Z,simulation,-0.00088,-0.00231,0.23788,0.00000,73,120,78,92,73,98,16,36.7,36.9,0,
2026-09-03T17:55:04.975Z,simulation,0.00029,0.02082,0.29908,-0.27295,73,120,78,92,73,98,16,36.7,36.9,0,
2026-09-03T17:55:04.994Z,simulation,0.02719,0.03666,0.32577,0.00000,73,120,78,92,73,98,16,36.7,36.9,0,
2026-09-03T17:55:05.015Z,simulation,0.05814,0.08733,0.32743,-0.33677,73,120,78,92,73,98,16,36.7,36.9,0,
2026-09-03T17:55:05.035Z,simulation,0.11303,0.13318,0.31119,0.00000,73,120,78,92,73,98,16,36.7,36.9,0,
2026-09-03T17:55:05.055Z,simulation,0.19987,0.18999,0.28211,-0.39907,73,120,78,92,73,98,16,36.7,36.9,0,
2026-09-03T17:55:05.075Z,simulation,0.25459,0.22947,0.24596,0.00000,73,120,78,92,73,98,16,36.7,36.9,0,
2026-09-03T17:55:05.094Z,simulation,0.29174,0.23916,0.20873,-0.45958,73,120,78,92,73,98,16,36.7,36.9,0,
2026-09-03T17:55:05.114Z,simulation,0.30502,0.19440,0.17529,0.00000,73,120,78,92,73,98,16,36.7,36.9,0,
2026-09-03T17:55:05.135Z,simulation,0.25277,0.15911,0.14846,-0.51803,73,120,78,92,73,98,16,36.7,36.9,0,
2026-09-03T17:55:05.155Z,simulation,0.19641,0.09908,0.12899,0.00000,73,120,78,92,73,98,16,36.7,36.9,0,
2026-09-03T17:55:05.175Z,simulation,0.11398,0.05355,0.11612,-0.57415,73,120,78,92,73,98,16,36.7,36.9,0,
2026-09-03T17:55:05.195Z,simulation,0.06763,0.01870,0.10833,0.00000,73,120,78,92,73,98,16,36.7,36.9,0,
2026-09-03T17:55:05.215Z,simulation,0.01901,-0.00263,0.10400,-0.62769,73,120,78,92,73,98,16,36.7,36.9,0,
2026-09-03T17:55:05.235Z,simulation,-0.01029,-0.01364,0.10179,0.00000,73,120,78,92,73,98,16,36.7,36.9,0,
2026-09-03T17:55:05.255Z,simulation,-0.01638,-0.01967,0.10074,-0.67842,73,120,78,92,73,98,16,36.7,36.9,0,
2026-09-03T17:55:05.275Z,simulation,-0.02282,-0.02001,0.10029,0.00000,73,120,78,92,73,98,16,36.7,36.9,0,
2026-09-03T17:55:05.295Z,simulation,-0.01481,-0.03009,0.10010,-0.72609,73,120,78,92,73,98,16,36.7,36.9,0,
2026-09-03T17:55:05.315Z,simulation,-0.02660,-0.01649,0.10003,0.00000,73,120,78,92,73,98,16,36.7,36.9,0,
2026-09-03T17:55:05.335Z,simulation,-0.02590,-0.01398,0.10001,-0.77051,73,120,78,92,73,98,16,36.7,36.9,0,
2026-09-03T17:55:05.355Z,simulation,-0.02448,-0.01521,0.10000,0.00000,73,120,78,92,73,98,16,36.7,36.9,0,
2026-09-03T17:55:05.375Z,simulation,-0.01707,-0.02361,0.10000,-0.81147,73,120,78,92,73,98,16,36.7,36.9,0,
2026-09-03T17:55:05.395Z,simulation,-0.01679,-0.02376,0.26367,0.00000,73,120,78,92,73,98,16,36.7,36.9,0,
2026-09-03T17:55:05.415Z,simulation,-0.02659,-0.01592,0.36464,-0.84879,73,120,78,92,73,98,16,36.7,36.9,0,
2026-09-03T17:55:05.435Z,simulation,-0.01524,-0.01571,0.49422,0.00000,73,120,78,92,73,98,16,36.7,36.9,0,
2026-09-03T17:55:05.455Z,simulation,-0.01340,-0.00758,0.64104,-0.88229,73,120,78,92,73,98,16,36.7,36.9,0,
2026-09-03T17:55:05.475Z,simulation,-0.00932,0.00311,0.78412,0.00000,73,120,78,92,73,98,16,36.7,36.9,0,
2026-09-03T17:55:05.496Z,simulation,0.02949,0.04219,0.89697,-0.91183,73,120,78,92,73,98,16,36.7,36.9,0,
2026-09-03T17:55:05.515Z,simulation,0.06622,0.06761,0.95540,0.00000,73,120,78,92,73,98,16,36.7,36.9,0,
2026-09-03T17:55:05.535Z,simulation,0.09107,0.05258,0.94592,-0.93728,73,120,78,92,73,98,16,36.7,36.9,0,
2026-09-03T17:55:05.555Z,simulation,0.06027,0.01260,0.87084,0.00000,73,120,78,92,73,98,16,36.7,36.9,0,
2026-09-03T17:55:05.575Z,simulation,0.01402,-0.01817,0.74749,-0.95852,73,120,78,92,73,98,16,36.7,36.9,0,
2026-09-03T17:55:05.595Z,simulation,-0.00747,-0.02431,0.60188,0.00000,73,120,78,92,73,98,16,36.7,36.9,0,
2026-09-03T17:55:05.615Z,simulation,-0.01403,-0.02319,0.46019,-0.97546,73,120,78,92,73,98,16,36.7,36.9,0,
2026-09-03T17:55:05.635Z,simulation,-0.02445,-0.02314,0.34172,0.00000,73,120,78,92,73,98,16,36.7,36.9,0,
2026-09-03T17:55:05.655Z,simulation,-0.02875,-0.13333,0.25468,-0.98801,73,120,78,92,73,98,16,36.7,36.9,0,
2026-09-03T17:55:05.675Z,simulation,-0.18211,-0.04613,0.19339,0.00000,73,120,78,92,73,98,16,36.7,36.9,0,
2026-09-03T17:55:05.695Z,simulation,-0.00235,0.86205,0.14080,-0.99613,73,120,78,92,73,98,16,36.7,36.9,0,
2026-09-03T17:55:05.715Z,simulation,1.07874,-0.16315,0.09349,0.00000,73,120,78,92,73,98,16,36.7,36.9,0,
2026-09-03T17:55:05.735Z,simulation,-0.26942,-0.18610,0.08567,-0.99978,73,120,78,92,73,98,16,36.7,36.9,0,
2026-09-03T17:55:05.755Z,simulation,-0.20529,-0.02878,0.14333,0.00000,73,120,78,92,73,98,16,36.7,36.9,0,
2026-09-03T17:55:05.775Z,simulation,-0.03018,-0.00680,0.23020,-0.99894,73,120,78,92,73,98,16,36.7,36.9,0,
2026-09-03T17:55:05.795Z,simulation,-0.01106,-0.00563,0.29482,0.00000,73,120,78,92,73,98,16,36.7,36.9,0,
2026-09-03T17:55:05.815Z,simulation,0.00709,0.02432,0.32445,-0.99361,73,120,78,92,73,98,16,36.7,36.9,0,
2026-09-03T17:55:05.836Z,simulation,0.04491,0.07281,0.32813,0.00000,73,120,78,92,73,98,16,36.7,36.9,0,
2026-09-03T17:55:05.855Z,simulation,0.10824,0.12073,0.31339,-0.98382,73,120,78,92,73,98,16,36.7,36.9,0,
2026-09-03T17:55:05.875Z,simulation,0.17917,0.17769,0.28530,0.00000,73,120,78,92,73,98,16,36.7,36.9,0,
2026-09-03T17:55:05.894Z,simulation,0.24271,0.22701,0.24956,-0.96962,73,120,78,92,73,98,16,36.7,36.9,0,
2026-09-03T17:55:05.915Z,simulation,0.28806,0.22067,0.21220,0.00000,74,120,78,92,74,98,17,36.7,36.9,0,
2026-09-03T17:55:05.935Z,simulation,0.19448,0.08530,0.12954,-0.80902,74,120,78,92,74,98,17,36.7,36.9,0,
2026-09-03T17:55:05.955Z,simulation,0.12011,0.04823,0.11633,0.00000,74,120,78,92,74,98,17,36.7,36.9,0,
2026-09-03T17:55:05.975Z,simulation,0.05809,0.01238,0.10837,-0.76515,74,120,78,92,74,98,17,36.7,36.9,0,
2026-09-03T17:55:05.995Z,simulation,0.02336,-0.00400,0.10398,0.00000,74,120,78,92,74,98,17,36.7,36.9,0,
2026-09-03T17:55:06.015Z,simulation,-0.00821,-0.01518,0.10176,-0.71740,74,120,78,92,74,98,17,36.7,36.9,0,
2026-09-03T17:55:06.035Z,simulation,-0.02068,-0.01630,0.10072,0.00000,74,120,78,92,74,98,17,36.7,36.9,0,
2026-09-03T17:55:06.055Z,simulation,-0.02191,-0.02466,0.10027,-0.66601,74,120,78,92,74,98,17,36.7,36.9,0,
2026-09-03T17:55:06.074Z,simulation,-0.00721,-0.02014,0.10010,0.00000,74,120,78,92,74,98,17,36.7,36.9,0,
2026-09-03T17:55:06.096Z,simulation,-0.00905,-0.00955,0.10003,-0.61125,74,120,78,92,74,98,17,36.7,36.9,0,
2026-09-03T17:55:06.115Z,simulation,-0.01953,-0.00963,0.10001,0.00000,74,120,78,92,74,98,17,36.7,36.9,0,
2026-09-03T17:55:06.135Z,simulation,-0.00784,-0.00708,0.10000,-0.55339,74,120,78,92,74,98,17,36.7,36.9,0,
2026-09-03T17:55:06.155Z,simulation,-0.00744,-0.01196,0.10000,0.00000,74,120,78,92,74,98,17,36.7,36.9,0,
2026-09-03T17:55:06.175Z,simulation,-0.02121,-0.01792,0.27505,-0.49273,74,120,78,92,74,98,17,36.7,36.9,0,
2026-09-03T17:55:06.195Z,simulation,-0.01062,-0.01578,0.38167,0.00000,74,120,78,92,74,98,17,36.7,36.9,0,
2026-09-03T17:55:06.215Z,simulation,-0.01380,-0.01386,0.51664,-0.42957,74,120,78,92,74,98,17,36.7,36.9,0,
2026-09-03T17:55:06.235Z,simulation,0.00193,0.01185,0.66651,0.00000,74,120,78,92,74,98,17,36.7,36.9,0,
2026-09-03T17:55:06.255Z,simulation,0.00937,0.02488,0.80807,-0.36423,74,120,78,92,74,98,17,36.7,36.9,0,
2026-09-03T17:55:06.275Z,simulation,0.04273,0.07674,0.91354,0.00000,74,120,78,92,74,98,17,36.7,36.9,0,
2026-09-03T17:55:06.295Z,simulation,0.10554,0.07803,0.95924,-0.29704,74,120,78,92,74,98,17,36.7,36.9,0,
2026-09-03T17:55:06.315Z,simulation,0.11098,0.06257,0.93427,0.00000,74,120,78,92,74,98,17,36.7,36.9,0,
2026-09-03T17:55:06.335Z,simulation,0.06813,0.01855,0.84477,-0.22835,74,120,78,92,74,98,17,36.7,36.9,0,
2026-09-03T17:55:06.354Z,simulation,0.01592,-0.00168,0.71159,0.00000,74,120,78,92,74,98,17,36.7,36.9,0,
2026-09-03T17:55:06.375Z,simulation,-0.00407,-0.00443,0.56268,-0.15850,74,120,78,92,74,98,17,36.7,36.9,0,
2026-09-03T17:55:06.395Z,simulation,-0.00138,-0.00997,0.42400,0.00000,74,120,78,92,74,98,17,36.7,36.9,0,
2026-09-03T17:55:06.415Z,simulation,-0.00645,-0.02159,0.31279,-0.08785,74,120,78,92,74,98,17,36.7,36.9,0,
2026-09-03T17:55:06.435Z,simulation,-0.02712,-0.15024,0.23372,0.00000,74,120,78,92,74,98,17,36.7,36.9,0,
2026-09-03T17:55:06.455Z,simulation,-0.17506,0.19013,0.17632,-0.01675,74,120,78,92,74,98,17,36.7,36.9,0,
2026-09-03T17:55:06.475Z,simulation,0.38909,0.60624,0.12335,0.00000,74,120,78,92,74,98,17,36.7,36.9,0,
2026-09-03T17:55:06.494Z,simulation,0.59574,-0.25943,0.08390,0.05443,74,120,78,92,74,98,17,36.7,36.9,0,
2026-09-03T17:55:06.515Z,simulation,-0.34401,-0.06325,0.09962,0.00000,74,120,78,92,74,98,17,36.7,36.9,0,
2026-09-03T17:55:06.535Z,simulation,-0.06271,0.01217,0.17597,0.12533,74,120,78,92,74,98,17,36.7,36.9,0,
2026-09-03T17:55:06.555Z,simulation,0.00632,0.01720,0.25969,0.00000,74,120,78,92,74,98,17,36.7,36.9,0,
2026-09-03T17:55:06.575Z,simulation,0.02182,0.03435,0.31060,0.19560,74,120,78,92,74,98,17,36.7,36.9,0,
2026-09-03T17:55:06.595Z,simulation,0.06039,0.07221,0.32860,0.00000,74,120,78,92,74,98,17,36.7,36.9,0,
2026-09-03T17:55:06.615Z,simulation,0.09084,0.12750,0.32373,0.26488,74,120,78,92,74,98,17,36.7,36.9,0,
2026-09-03T17:55:06.635Z,simulation,0.16719,0.18840,0.30222,0.00000,74,120,78,92,74,98,17,36.7,36.9,0,
2026-09-03T17:55:06.656Z,simulation,0.24446,0.23765,0.26948,0.33282,74,120,78,92,74,98,17,36.7,36.9,0,
2026-09-03T17:55:06.675Z,simulation,0.30089,0.24876,0.23176,0.00000,74,120,78,92,74,98,17,36.7,36.9,0,
2026-09-03T17:55:06.695Z,simulation,0.32209,0.24554,0.19502,0.39907,74,120,78,92,74,98,17,36.7,36.9,0,
2026-09-03T17:55:06.715Z,simulation,0.30508,0.21461,0.16357,0.00000,74,120,78,92,74,98,17,36.7,36.9,0,
2026-09-03T17:55:06.736Z,simulation,0.26054,0.15882,0.13945,0.46330,74,120,78,92,74,98,17,36.7,36.9,0,
2026-09-03T17:55:06.755Z,simulation,0.19247,0.09274,0.12271,0.00000,74,120,78,92,74,98,17,36.7,36.9,0,
2026-09-03T17:55:06.775Z,simulation,0.11875,0.06723,0.11213,0.52517,74,120,78,92,74,98,17,36.7,36.9,0,
2026-09-03T17:55:06.795Z,simulation,0.06554,0.03164,0.10601,0.00000,74,120,78,92,74,98,17,36.7,36.9,0,
2026-09-03T17:55:06.815Z,simulation,0.03153,0.02509,0.10276,0.58439,74,120,78,92,74,98,17,36.7,36.9,0,
2026-09-03T17:55:06.836Z,simulation,0.03327,0.01076,0.10118,0.00000,74,120,78,92,74,98,17,36.7,36.9,0,
2026-09-03T17:55:06.855Z,simulation,0.01335,0.01991,0.10047,0.64065,74,120,78,92,74,98,17,36.7,36.9,0,
2026-09-03T17:55:06.875Z,simulation,0.02095,0.02445,0.10017,0.00000,74,120,78,92,74,98,17,36.7,36.9,0,
2026-09-03T17:55:06.895Z,simulation,0.02099,0.01548,0.10006,0.69365,74,120,78,92,74,98,17,36.7,36.9,0,
2026-09-03T17:55:06.915Z,simulation,0.01314,0.01444,0.10002,0.00000,74,120,78,92,74,99,17,36.7,36.9,0,
2026-09-03T17:55:06.935Z,simulation,0.01684,0.01858,0.10001,0.74314,74,120,78,92,74,99,17,36.7,36.9,0,
2026-09-03T17:55:06.954Z,simulation,0.02118,0.01807,0.10000,0.00000,74,120,78,92,74,99,17,36.7,36.9,0,
2026-09-03T17:55:06.975Z,simulation,0.01545,0.00990,0.10000,0.78887,74,120,78,92,74,99,17,36.7,36.9,0,
2026-09-03T17:55:06.995Z,simulation,0.02257,0.02505,0.32010,0.00000,74,120,78,92,74,99,17,36.7,36.9,0,
2026-09-03T17:55:07.014Z,simulation,0.02389,0.01424,0.44072,0.83060,74,120,78,92,74,99,17,36.7,36.9,0,
2026-09-03T17:55:07.035Z,simulation,0.02322,0.01851,0.58486,0.00000,74,120,78,92,74,99,17,36.7,36.9,0,
2026-09-03T17:55:07.055Z,simulation,0.03668,0.05020,0.73424,0.86811,74,120,78,92,74,99,17,36.7,36.9,0,
2026-09-03T17:55:07.074Z,simulation,0.05324,0.08023,0.86265,0.00000,74,120,78,92,74,99,17,36.7,36.9,0,
2026-09-03T17:55:07.095Z,simulation,0.10231,0.11841,0.94299,0.90123,74,120,78,92,74,99,17,36.7,36.9,0,
2026-09-03T17:55:07.115Z,simulation,0.14591,0.10971,0.95658,0.00000,74,120,78,92,74,99,17,36.7,36.9,0,
2026-09-03T17:55:07.135Z,simulation,0.13132,0.06559,0.90018,0.92978,74,120,78,92,74,99,17,36.7,36.9,0,
2026-09-03T17:55:07.155Z,simulation,0.08062,0.03568,0.78737,0.00000,74,120,78,92,74,99,17,36.7,36.9,0,
2026-09-03T17:55:07.175Z,simulation,0.04352,0.02030,0.64342,0.95361,74,120,78,92,74,99,17,36.7,36.9,0,
2026-09-03T17:55:07.195Z,simulation,0.02769,0.03293,0.49639,0.00000,74,120,78,92,74,99,17,36.7,36.9,0,
2026-09-03T17:55:07.215Z,simulation,0.02999,0.02129,0.36888,0.97261,74,120,78,92,74,99,17,36.7,36.9,0,
2026-09-03T17:55:07.235Z,simulation,0.02451,-0.03348,0.27274,0.00000,74,120,78,92,74,99,17,36.7,36.9,0,
2026-09-03T17:55:07.255Z,simulation,-0.08855,-0.05945,0.20581,0.98669,74,120,78,92,74,99,17,36.7,36.9,0,
2026-09-03T17:55:07.275Z,simulation,-0.06028,0.80007,0.15195,0.00000,74,120,78,92,74,99,17,36.7,36.9,0,
2026-09-03T17:55:07.294Z,simulation,1.11418,0.03280,0.10125,0.99576,74,120,78,92,74,99,17,36.7,36.9,0,
2026-09-03T17:55:07.314Z,simulation,-0.08128,-0.19066,0.08218,0.00000,74,120,78,92,74,99,17,36.7,36.9,0,
2026-09-03T17:55:07.335Z,simulation,-0.22243,0.00941,0.12970,0.99978,74,120,78,92,74,99,17,36.7,36.9,0,
2026-09-03T17:55:07.355Z,simulation,0.01982,0.03602,0.21705,0.00000,74,120,78,92,74,99,17,36.7,36.9,0,
2026-09-03T17:55:07.374Z,simulation,0.03589,0.04260,0.28779,0.99874,74,120,78,92,74,99,17,36.7,36.9,0,
2026-09-03T17:55:07.395Z,simulation,0.04813,0.08280,0.32228,0.00000,74,120,78,92,74,99,17,36.7,36.9,0,
2026-09-03T17:55:07.415Z,simulation,0.09644,0.11527,0.32875,0.99263,74,120,78,92,74,99,17,36.7,36.9,0,
2026-09-03T17:55:07.435Z,simulation,0.15517,0.17761,0.31560,0.00000,74,120,78,92,74,99,17,36.7,36.9,0,
2026-09-03T17:55:07.455Z,simulation,0.21034,0.22486,0.28820,0.98149,74,120,78,92,74,99,17,36.7,36.9,0,
2026-09-03T17:55:07.475Z,simulation,0.28897,0.25946,0.25238,0.00000,74,120,78,92,74,99,17,36.7,36.9,0,
2026-09-03T17:55:07.495Z,simulation,0.34003,0.27082,0.21445,0.96538,74,120,78,92,74,99,17,36.7,36.9,0,
2026-09-03T17:55:07.515Z,simulation,0.34715,0.25541,0.17974,0.00000,74,120,78,92,74,99,17,36.7,36.9,0,
2026-09-03T17:55:07.535Z,simulation,0.31152,0.20442,0.15154,0.94438,74,120,78,92,74,99,17,36.7,36.9,0,
2026-09-03T17:55:07.555Z,simulation,0.23158,0.14085,0.13090,0.00000,74,120,78,92,74,99,17,36.7,36.9,0,
2026-09-03T17:55:07.575Z,simulation,0.16046,0.08900,0.11718,0.91858,74,120,78,92,74,99,17,36.7,36.9,0,
2026-09-03T17:55:07.595Z,simulation,0.10217,0.04959,0.10886,0.00000,74,120,78,92,74,99,17,36.7,36.9,0,
2026-09-03T17:55:07.615Z,simulation,0.05812,0.04635,0.10424,0.88814,74,120,78,92,74,99,17,36.7,36.9,0,
2026-09-03T17:55:07.635Z,simulation,0.04798,0.03604,0.10188,0.00000,74,120,78,92,74,99,17,36.7,36.9,0,
2026-09-03T17:55:07.655Z,simulation,0.02259,0.03081,0.10078,0.85319,74,120,78,92,74,99,17,36.7,36.9,0,
2026-09-03T17:55:07.675Z,simulation,0.02169,0.02247,0.10030,0.00000,74,120,78,92,74,99,17,36.7,36.9,0,
2026-09-03T17:55:07.695Z,simulation,0.02892,0.02836,0.10010,0.81391,74,120,78,92,74,99,17,36.7,36.9,0,
2026-09-03T17:55:07.716Z,simulation,0.01941,0.02174,0.10003,0.00000,74,120,78,92,74,99,17,36.7,36.9,0,
2026-09-03T17:55:07.735Z,simulation,0.01400,0.02918,0.10001,0.77051,74,120,78,92,74,99,17,36.7,36.9,0,
2026-09-03T17:55:07.754Z,simulation,0.02495,0.01373,0.10000,0.00000,74,120,78,92,74,99,17,36.7,36.9,0,
2026-09-03T17:55:07.775Z,simulation,0.01391,0.01359,0.10000,0.72321,74,120,78,92,74,99,17,36.7,36.9,0,
2026-09-03T17:55:07.795Z,simulation,0.01522,0.01333,0.26780,0.00000,74,120,78,92,74,99,17,36.7,36.9,0,
2026-09-03T17:55:07.815Z,simulation,0.01555,0.01536,0.37187,0.67224,74,120,78,92,74,99,17,36.7,36.9,0,
2026-09-03T17:55:07.836Z,simulation,0.01397,0.01819,0.50489,0.00000,74,120,78,92,74,99,17,36.7,36.9,0,
2026-09-03T17:55:07.855Z,simulation,0.01836,0.03193,0.65430,0.61786,74,120,78,92,74,99,17,36.7,36.9,0,
2026-09-03T17:55:07.875Z,simulation,0.04323,0.06421,0.79756,0.00000,74,120,78,92,74,99,17,36.7,36.9,0,
2026-09-03T17:55:07.895Z,simulation,0.06566,0.09042,0.90696,0.56035,74,120,78,92,74,99,17,36.7,36.9,0,
2026-09-03T17:55:07.915Z,simulation,0.12074,0.11190,0.95813,0.00000,74,120,78,92,74,99,17,36.7,36.9,0,
2026-09-03T17:55:07.934Z,simulation,0.12797,0.08525,0.93890,0.50000,74,120,78,92,74,99,17,36.7,36.9,0,
2026-09-03T17:55:07.955Z,simulation,0.09939,0.04694,0.85401,0.00000,74,120,78,92,74,99,17,36.7,36.9,0,
2026-09-03T17:55:07.975Z,simulation,0.04735,0.01793,0.72336,0.43712,74,120,78,92,74,99,17,36.7,36.9,0,
2026-09-03T17:55:07.994Z,simulation,0.02091,0.02206,0.57468,0.00000,74,120,78,92,74,99,17,36.7,36.9,0,
2026-09-03T17:55:08.015Z,simulation,0.01520,0.00557,0.43438,0.37202,74,120,78,92,74,99,17,36.7,36.9,0,
2026-09-03T17:55:08.035Z,simulation,0.00995,-0.00211,0.32057,0.00000,74,120,78,92,74,99,17,36.7,36.9,0,
2026-09-03T17:55:08.056Z,simulation,-0.01215,-0.12437,0.23909,0.30503,74,120,78,92,74,99,17,36.7,36.9,0,
2026-09-03T17:55:08.075Z,simulation,-0.16363,0.12866,0.18064,0.00000,74,120,78,92,74,99,17,36.7,36.9,0,
2026-09-03T17:55:08.095Z,simulation,0.29639,0.72210,0.12757,0.23650,74,120,78,92,74,99,17,36.7,36.9,0,
2026-09-03T17:55:08.115Z,simulation,0.76280,-0.23686,0.08560,0.00000,74,120,78,92,74,99,17,36.7,36.9,0,
2026-09-03T17:55:08.135Z,simulation,-0.32910,-0.07917,0.09566,0.16677,74,120,78,92,74,99,17,36.7,36.9,0,
2026-09-03T17:55:08.155Z,simulation,-0.07822,0.01608,0.16867,0.00000,74,120,78,92,74,99,17,36.7,36.9,0,
2026-09-03T17:55:08.175Z,simulation,0.01184,0.02237,0.25390,0.09619,74,120,78,92,74,99,17,36.7,36.9,0,
2026-09-03T17:55:08.195Z,simulation,0.02300,0.03798,0.30785,0.00000,74,120,78,92,74,99,17,36.7,36.9,0,
2026-09-03T17:55:08.215Z,simulation,0.05417,0.07673,0.32810,0.02513,74,120,78,92,74,99,17,36.7,36.9,0,
2026-09-03T17:55:08.235Z,simulation,0.09959,0.11513,0.32481,0.00000,74,120,78,92,74,99,17,36.7,36.9,0,
2026-09-03T17:55:08.255Z,simulation,0.16243,0.17110,0.30446,-0.04606,74,120,78,92,74,99,17,36.7,36.9,0,
2026-09-03T17:55:08.275Z,simulation,0.21791,0.21434,0.27241,0.00000,74,120,78,92,74,99,17,36.7,36.9,0,
2026-09-03T17:55:08.295Z,simulation,0.28839,0.24089,0.23485,-0.11702,74,120,78,92,74,99,17,36.7,36.9,0,
2026-09-03T17:55:08.315Z,simulation,0.31919,0.24716,0.19785,0.00000,74,120,78,92,74,99,17,36.7,36.9,0,
2026-09-03T17:55:08.335Z,simulation,0.30973,0.20114,0.16586,-0.18738,74,120,78,92,74,99,17,36.7,36.9,0,
2026-09-03T17:55:08.354Z,simulation,0.25225,0.14031,0.14112,0.00000,74,120,78,92,74,99,17,36.7,36.9,0,
2026-09-03T17:55:08.375Z,simulation,0.18372,0.08471,0.12382,-0.25680,74,120,78,92,74,99,17,36.7,36.9,0,
2026-09-03T17:55:08.395Z,simulation,0.11485,0.04870,0.11280,0.00000,74,120,78,92,74,99,17,36.7,36.9,0,
2026-09-03T17:55:08.415Z,simulation,0.05567,0.01897,0.10638,-0.32491,74,120,78,92,74,99,17,36.7,36.9,0,
2026-09-03T17:55:08.435Z,simulation,0.02200,0.00068,0.10295,0.00000,74,120,78,92,74,99,17,36.7,36.9,0,
2026-09-03T17:55:08.455Z,simulation,0.00005,-0.01237,0.10126,-0.39137,74,120,78,92,74,99,17,36.7,36.9,0,
2026-09-03T17:55:08.475Z,simulation,-0.00955,-0.01623,0.10050,0.00000,74,120,78,92,74,99,17,36.7,36.9,0,
2026-09-03T17:55:08.495Z,simulation,-0.00166,-0.00621,0.10019,-0.45586,74,120,78,92,74,99,17,36.7,36.9,0,
2026-09-03T17:55:08.515Z,simulation,-0.01280,-0.01606,0.10006,0.00000,74,120,78,92,74,99,17,36.7,36.9,0,
2026-09-03T17:55:08.535Z,simulation,-0.00587,-0.01196,0.10002,-0.51803,74,120,78,92,74,99,17,36.7,36.9,0,
2026-09-03T17:55:08.555Z,simulation,-0.00468,-0.00458,0.10001,0.00000,74,120,78,92,74,99,17,36.7,36.9,0,
2026-09-03T17:55:08.575Z,simulation,-0.01405,-0.02025,0.10000,-0.57757,74,120,78,92,74,99,17,36.7,36.9,0,
2026-09-03T17:55:08.595Z,simulation,-0.01128,-0.01920,0.10000,0.00000,74,120,78,92,74,99,17,36.7,36.9,0,
2026-09-03T17:55:08.615Z,simulation,-0.01029,-0.00779,0.31165,-0.63419,74,120,78,92,74,99,17,36.7,36.9,0,
2026-09-03T17:55:08.634Z,simulation,-0.01995,-0.01176,0.42989,0.00000,74,120,78,92,74,99,17,36.7,36.9,0,
2026-09-03T17:55:08.655Z,simulation,-0.00541,-0.00213,0.57266,-0.68759,74,120,78,92,74,99,17,36.7,36.9,0,
2026-09-03T17:55:08.675Z,simulation,-0.01448,0.00814,0.72253,0.00000,74,120,78,92,74,99,17,36.7,36.9,0,
2026-09-03T17:55:08.695Z,simulation,0.01324,0.03357,0.85369,-0.73751,74,120,78,92,74,99,17,36.7,36.9,0,
2026-09-03T17:55:08.715Z,simulation,0.06871,0.07503,0.93880,0.00000,74,120,78,92,74,99,17,36.7,36.9,0,
2026-09-03T17:55:08.736Z,simulation,0.09741,0.06493,0.95815,-0.78369,74,120,78,92,74,99,17,36.7,36.9,0,
2026-09-03T17:55:08.755Z,simulation,0.09486,0.02885,0.90713,0.00000,74,120,78,92,74,99,17,36.7,36.9,0,
2026-09-03T17:55:08.775Z,simulation,0.04015,-0.00749,0.79806,-0.82590,74,120,78,92,74,99,17,36.7,36.9,0,
2026-09-03T17:55:08.795Z,simulation,-0.00097,-0.01133,0.65557,0.00000,74,120,78,92,74,99,17,36.7,36.9,0,
2026-09-03T17:55:08.815Z,simulation,-0.01493,-0.01892,0.50783,-0.86392,74,120,78,92,74,99,17,36.7,36.9,0,
2026-09-03T17:55:08.835Z,simulation,-0.01470,-0.01467,0.37812,0.00000,74,120,78,92,74,99,17,36.7,36.9,0,
2026-09-03T17:55:08.855Z,simulation,-0.02495,-0.08266,0.27931,-0.89757,74,120,78,92,74,99,17,36.7,36.9,0,
2026-09-03T17:55:08.875Z,simulation,-0.10959,-0.13428,0.21048,0.00000,74,120,78,92,74,99,17,36.7,36.9,0,
2026-09-03T17:55:08.894Z,simulation,-0.12932,0.64804,0.15626,-0.92666,74,120,78,92,74,99,17,36.7,36.9,0,
2026-09-03T17:55:08.915Z,simulation,0.97877,0.06864,0.10482,0.00000,74,120,78,92,74,99,17,36.7,36.9,0,
2026-09-03T17:55:08.935Z,simulation,-0.05456,-0.25962,0.08142,-0.95106,74,120,78,92,74,99,17,36.7,36.9,0,
2026-09-03T17:55:08.955Z,simulation,-0.30103,-0.04463,0.12357,0.00000,74,120,78,92,74,99,17,36.7,36.9,0,
2026-09-03T17:55:08.975Z,simulation,-0.04236,-0.00714,0.20998,-0.97063,74,120,78,92,74,99,17,36.7,36.9,0,
2026-09-03T17:55:08.996Z,simulation,-0.01398,-0.00355,0.28343,0.00000,74,120,78,92,74,99,17,36.7,36.9,0,
2026-09-03T17:55:09.015Z,simulation,-0.00272,0.02856,0.32068,-0.98529,74,120,78,92,74,99,17,36.7,36.9,0,
2026-09-03T17:55:09.035Z,simulation,0.03571,0.06140,0.32904,0.00000,74,120,78,92,74,99,17,36.7,36.9,0,
2026-09-03T17:55:09.055Z,simulation,0.09874,0.10841,0.31727,-0.99495,74,120,78,92,74,99,17,36.7,36.9,0,
2026-09-03T17:55:09.075Z,simulation,0.16233,0.16936,0.29083,0.00000,74,120,78,92,74,99,17,36.7,36.9,0,
2026-09-03T17:55:09.094Z,simulation,0.23956,0.21435,0.25545,-0.99957,74,120,78,92,74,99,17,36.7,36.9,0,
2026-09-03T17:55:09.115Z,simulation,0.28810,0.22310,0.21746,0.00000,74,120,78,92,74,99,17,36.7,36.9,0,
2026-09-03T17:55:09.135Z,simulation,0.28913,0.19558,0.18234,-0.99912,74,120,78,92,74,99,17,36.7,36.9,0,
2026-09-03T17:55:09.155Z,simulation,0.25439,0.16065,0.15354,0.00000,74,120,78,92,74,99,17,36.7,36.9,0,
2026-09-03T17:55:09.175Z,simulation,0.20202,0.09921,0.13230,-0.99361,74,120,78,92,74,99,17,36.7,36.9,0,
2026-09-03T17:55:09.195Z,simulation,0.12642,0.04563,0.11807,0.00000,74,120,78,92,74,99,17,36.7,36.9,0,
2026-09-03T17:55:09.215Z,simulation,0.06647,0.01634,0.10938,-0.98306,74,120,78,92,74,99,17,36.7,36.9,0,
2026-09-03T17:55:09.235Z,simulation,0.02445,-0.00174,0.10452,0.00000,74,120,78,92,74,99,17,36.7,36.9,0,
2026-09-03T17:55:09.256Z,simulation,-0.00430,-0.01125,0.10202,-0.96753,74,120,78,92,74,99,17,36.7,36.9,0,
2026-09-03T17:55:09.275Z,simulation,-0.01824,-0.01889,0.10084,0.00000,74,120,78,92,74,99,17,36.7,36.9,0,
2026-09-03T17:55:09.295Z,simulation,-0.02710,-0.01879,0.10032,-0.94710,74,120,78,92,74,99,17,36.7,36.9,0,
2026-09-03T17:55:09.315Z,simulation,-0.02571,-0.03289,0.10011,0.00000,74,120,78,92,74,99,17,36.7,36.9,0,
2026-09-03T17:55:09.335Z,simulation,-0.02839,-0.03138,0.10004,-0.92186,74,120,78,92,74,99,17,36.7,36.9,0,
2026-09-03T17:55:09.355Z,simulation,-0.02290,-0.02748,0.10001,0.00000,74,120,78,92,74,99,17,36.7,36.9,0,
2026-09-03T17:55:09.375Z,simulation,-0.02917,-0.02689,0.10000,-0.89196,74,120,78,92,74,99,17,36.7,36.9,0,
2026-09-03T17:55:09.395Z,simulation,-0.01450,-0.01968,0.10000,0.00000,74,120,78,92,74,99,17,36.7,36.9,0,
2026-09-03T17:55:09.415Z,simulation,-0.03135,-0.02476,0.26077,-0.85753,74,120,78,92,74,99,17,36.7,36.9,0,
2026-09-03T17:55:09.435Z,simulation,-0.02346,-0.01673,0.36226,0.00000,74,120,78,92,74,99,17,36.7,36.9,0,
2026-09-03T17:55:09.456Z,simulation,-0.01910,-0.01238,0.49325,-0.81875,74,120,78,92,74,99,17,36.7,36.9,0,
2026-09-03T17:55:09.475Z,simulation,-0.01650,-0.01525,0.64206,0.00000,74,120,78,92,74,99,17,36.7,36.9,0,
2026-09-03T17:55:09.495Z,simulation,-0.00242,0.01229,0.78683,-0.77583,74,120,78,92,74,99,17,36.7,36.9,0,
2026-09-03T17:55:09.515Z,simulation,0.03229,0.05726,0.89999,0.00000,74,120,78,92,74,99,17,36.7,36.9,0,
2026-09-03T17:55:09.535Z,simulation,0.08050,0.08133,0.95654,-0.72897,74,120,78,92,74,99,17,36.7,36.9,0,
2026-09-03T17:55:09.555Z,simulation,0.10497,0.05024,0.94308,0.00000,74,120,78,92,74,99,17,36.7,36.9,0,
2026-09-03T17:55:09.575Z,simulation,0.06318,0.00611,0.86294,-0.67842,74,120,78,92,74,99,17,36.7,36.9,0,
2026-09-03T17:55:09.595Z,simulation,0.02627,-0.01165,0.73501,0.00000,74,120,78,92,74,99,17,36.7,36.9,0,
2026-09-03T17:55:09.615Z,simulation,-0.00749,-0.02324,0.58674,-0.62443,74,120,78,92,74,99,17,36.7,36.9,0,
2026-09-03T17:55:09.635Z,simulation,-0.01050,-0.00977,0.44494,0.00000,74,120,78,92,74,99,17,36.7,36.9,0,
2026-09-03T17:55:09.655Z,simulation,-0.02430,-0.02420,0.32858,-0.56727,74,120,78,92,74,99,17,36.7,36.9,0,
2026-09-03T17:55:09.675Z,simulation,-0.02241,-0.15069,0.24461,0.00000,74,120,78,92,74,99,17,36.7,36.9,0,
2026-09-03T17:55:09.695Z,simulation,-0.19795,0.05050,0.18497,-0.50724,74,120,78,92,74,99,17,36.7,36.9,0,
2026-09-03T17:55:09.715Z,simulation,0.16196,0.79663,0.13183,0.00000,74,120,78,92,74,99,17,36.7,36.9,0,
2026-09-03T17:55:09.735Z,simulation,0.88355,-0.23721,0.08766,-0.44464,74,120,78,92,74,99,17,36.7,36.9,0,
2026-09-03T17:55:09.755Z,simulation,-0.32894,-0.12892,0.09216,0.00000,74,120,78,92,74,99,17,36.7,36.9,0,
2026-09-03T17:55:09.774Z,simulation,-0.12197,-0.01706,0.16143,-0.37978,74,120,78,92,74,99,17,36.7,36.9,0,
2026-09-03T17:55:09.795Z,simulation,0.00243,0.00491,0.24787,0.00000,74,120,78,92,74,99,17,36.7,36.9,0,
2026-09-03T17:55:09.815Z,simulation,0.01276,0.01374,0.30486,-0.31300,74,120,78,92,74,99,17,36.7,36.9,0,
2026-09-03T17:55:09.835Z,simulation,0.03133,0.04636,0.32745,0.00000,74,120,78,92,74,99,17,36.7,36.9,0,
2026-09-03T17:55:09.855Z,simulation,0.06803,0.09504,0.32578,-0.24463,74,120,78,92,74,99,17,36.7,36.9,0,
2026-09-03T17:55:09.875Z,simulation,0.13536,0.16197,0.30662,0.00000,74,120,78,92,74,99,17,36.7,36.9,0,
2026-09-03T17:55:09.895Z,simulation,0.21805,0.21338,0.27530,-0.17502,74,120,78,92,74,99,17,36.7,36.9,0,
2026-09-03T17:55:09.915Z,simulation,0.27450,0.24911,0.23795,0.00000,74,120,78,92,74,99,17,36.7,36.9,0,
2026-09-03T17:55:09.934Z,simulation,0.30585,0.22882,0.20071,-0.10453,74,120,78,92,74,99,17,36.7,36.9,0,
2026-09-03T17:55:09.955Z,simulation,0.30006,0.20299,0.16820,0.00000,74,120,78,92,74,99,17,36.7,36.9,0,
2026-09-03T17:55:09.975Z,simulation,0.25195,0.14620,0.14284,-0.03350,74,120,78,92,74,99,17,36.7,36.9,0,
2026-09-03T17:55:09.995Z,simulation,0.17975,0.10289,0.12497,0.00000,74,120,78,92,74,99,17,36.7,36.9,0,
2026-09-03T17:55:10.015Z,simulation,0.12481,0.05183,0.11350,0.03769,74,120,78,92,74,99,17,36.7,36.9,0,
2026-09-03T17:55:10.035Z,simulation,0.06469,0.02976,0.10677,0.00000,74,120,78,92,74,99,17,36.7,36.9,0,
2026-09-03T17:55:10.056Z,simulation,0.03866,0.01898,0.10315,0.10869,74,120,78,92,74,99,17,36.7,36.9,0,
2026-09-03T17:55:10.075Z,simulation,0.02166,0.01339,0.10136,0.00000,74,120,78,92,74,99,17,36.7,36.9,0,
2026-09-03T17:55:10.095Z,simulation,0.00083,-0.00597,0.10054,0.17915,74,120,78,92,74,99,17,36.7,36.9,0,
2026-09-03T17:55:10.115Z,simulation,0.00190,0.01094,0.10020,0.00000,74,120,78,92,74,99,17,36.7,36.9,0,
2026-09-03T17:55:10.134Z,simulation,0.00101,0.00730,0.10007,0.24869,74,120,78,92,74,99,17,36.7,36.9,0,
2026-09-03T17:55:10.155Z,simulation,-0.00115,-0.00386,0.10002,0.00000,74,120,78,92,74,99,17,36.7,36.9,0,
2026-09-03T17:55:10.175Z,simulation,0.00439,0.00081,0.10001,0.31697,74,120,78,92,74,99,17,36.7,36.9,0,
2026-09-03T17:55:10.196Z,simulation,0.00652,-0.00260,0.10000,0.00000,74,120,78,92,74,99,17,36.7,36.9,0,
2026-09-03T17:55:10.215Z,simulation,0.01539,0.00740,0.10000,0.38365,74,120,78,92,74,99,17,36.7,36.9,0,
2026-09-03T17:55:10.235Z,simulation,0.00738,0.01545,0.30342,0.00000,74,120,78,92,74,99,17,36.7,36.9,0,
2026-09-03T17:55:10.255Z,simulation,0.01327,0.00333,0.41923,0.44838,74,120,78,92,74,99,17,36.7,36.9,0,
2026-09-03T17:55:10.275Z,simulation,0.01163,0.01851,0.56052,0.00000,74,120,78,92,74,99,17,36.7,36.9,0,
2026-09-03T17:55:10.295Z,simulation,0.00885,0.03167,0.71069,0.51084,74,120,78,92,74,99,17,36.7,36.9,0,
2026-09-03T17:55:10.315Z,simulation,0.04827,0.07138,0.84443,0.00000,74,120,78,92,74,99,17,36.7,36.9,0,
2026-09-03T17:55:10.335Z,simulation,0.09144,0.10832,0.93417,0.57071,74,120,78,92,74,99,17,36.7,36.9,0,
2026-09-03T17:55:10.355Z,simulation,0.13449,0.09644,0.95926,0.00000,74,120,78,92,74,99,17,36.7,36.9,0,
2026-09-03T17:55:10.375Z,simulation,0.12010,0.05822,0.91370,0.62769,74,120,78,92,74,99,17,36.7,36.9,0,
2026-09-03T17:55:10.395Z,simulation,0.06956,0.02502,0.80853,0.00000,74,120,78,92,74,99,17,36.7,36.9,0,
2026-09-03T17:55:10.415Z,simulation,0.04467,0.01071,0.66768,0.68149,74,120,78,92,74,99,17,36.7,36.9,0,
2026-09-03T17:55:10.435Z,simulation,0.02455,0.02298,0.51939,0.00000,74,120,78,92,74,99,17,36.7,36.9,0,
2026-09-03T17:55:10.455Z,simulation,0.01234,0.01822,0.38758,0.73183,74,120,78,92,74,99,17,36.7,36.9,0,
2026-09-03T17:55:10.475Z,simulation,0.02396,-0.02721,0.28609,0.00000,74,120,78,92,74,99,17,36.7,36.9,0,
2026-09-03T17:55:10.495Z,simulation,-0.06008,-0.11077,0.21524,0.77846,74,120,78,92,74,99,17,36.7,36.9,0,
2026-09-03T17:55:10.515Z,simulation,-0.12037,0.58868,0.16056,0.00000,74,120,78,92,74,99,17,36.7,36.9,0,
2026-09-03T17:55:10.535Z,simulation,0.92321,0.20129,0.10857,0.82115,74,120,78,92,74,99,17,36.7,36.9,0,
2026-09-03T17:55:10.555Z,simulation,0.09914,-0.23107,0.08114,0.00000,74,120,78,92,74,99,17,36.7,36.9,0,
2026-09-03T17:55:10.575Z,simulation,-0.27390,-0.00405,0.11775,0.85967,74,120,78,92,74,99,17,36.7,36.9,0,
2026-09-03T17:55:10.595Z,simulation,-0.00229,0.03270,0.20280,0.00000,74,120,78,92,74,99,17,36.7,36.9,0,
2026-09-03T17:55:10.615Z,simulation,0.03491,0.04517,0.27881,0.89384,74,120,78,92,74,99,17,36.7,36.9,0,
2026-09-03T17:55:10.635Z,simulation,0.04917,0.07181,0.31888,0.00000,74,120,78,92,74,99,17,36.7,36.9,0,
2026-09-03T17:55:10.654Z,simulation,0.07987,0.10776,0.32920,0.92348,74,120,78,92,74,99,17,36.7,36.9,0,
2026-09-03T17:55:10.674Z,simulation,0.13858,0.16109,0.31884,0.00000,74,120,78,92,74,99,17,36.7,36.9,0,
2026-09-03T17:55:10.695Z,simulation,0.21020,0.20876,0.29339,0.94843,74,120,78,92,74,99,17,36.7,36.9,0,
2026-09-03T17:55:10.714Z,simulation,0.28341,0.25465,0.25850,0.00000,74,120,78,92,74,99,17,36.7,36.9,0,
2026-09-03T17:55:10.735Z,simulation,0.32512,0.26701,0.22050,0.96858,74,120,78,92,74,99,17,36.7,36.9,0,
2026-09-03T17:55:10.755Z,simulation,0.33468,0.25690,0.18498,0.00000,74,120,78,92,74,99,17,36.7,36.9,0,
2026-09-03T17:55:10.775Z,simulation,0.30547,0.21504,0.15560,0.98382,74,120,78,92,74,99,17,36.7,36.9,0,
2026-09-03T17:55:10.795Z,simulation,0.25537,0.14626,0.13374,0.00000,74,120,78,92,74,99,17,36.7,36.9,0,
2026-09-03T17:55:10.815Z,simulation,0.17300,0.09906,0.11900,0.99408,74,120,78,92,74,99,17,36.7,36.9,0,
2026-09-03T17:55:10.834Z,simulation,0.10975,0.07225,0.10992,0.00000,74,120,78,92,74,99,17,36.7,36.9,0,
2026-09-03T17:55:10.854Z,simulation,0.07015,0.05082,0.10481,0.99929,74,120,78,92,74,99,17,36.7,36.9,0,
2026-09-03T17:55:10.875Z,simulation,0.04677,0.03997,0.10216,0.00000,74,120,78,92,74,99,17,36.7,36.9,0,
2026-09-03T17:55:10.895Z,simulation,0.03419,0.03529,0.10090,0.99944,74,120,78,92,74,99,17,36.7,36.9,0,
2026-09-03T17:55:10.915Z,simulation,0.02742,0.03027,0.10035,0.00000,73,120,78,92,73,99,17,36.7,36.9,0,
2026-09-03T17:55:10.935Z,simulation,0.14670,0.08299,0.11308,0.99452,73,120,78,92,73,99,17,36.7,36.9,0,
2026-09-03T17:55:10.955Z,simulation,0.07921,0.05357,0.10660,0.00000,73,120,78,92,73,99,17,36.7,36.9,0,
2026-09-03T17:55:10.975Z,simulation,0.05325,0.02882,0.10310,0.98456,73,120,78,92,73,99,17,36.7,36.9,0,
2026-09-03T17:55:10.995Z,simulation,0.02865,0.02131,0.10135,0.00000,73,120,78,92,73,99,17,36.7,36.9,0,
2026-09-03T17:55:11.015Z,simulation,0.03388,0.03099,0.10055,0.96962,73,120,78,92,73,99,17,36.7,36.9,0,
2026-09-03T17:55:11.035Z,simulation,0.02660,0.02078,0.10021,0.00000,73,120,78,92,73,99,17,36.7,36.9,0,
2026-09-03T17:55:11.055Z,simulation,0.02254,0.02377,0.10007,0.94975,73,120,78,92,73,99,17,36.7,36.9,0,
2026-09-03T17:55:11.075Z,simulation,0.02403,0.03337,0.10002,0.00000,73,120,78,92,73,99,17,36.7,36.9,0,
2026-09-03T17:55:11.095Z,simulation,0.03251,0.02203,0.10001,0.92508,73,120,78,92,73,99,17,36.7,36.9,0,
2026-09-03T17:55:11.115Z,simulation,0.03017,0.02642,0.10000,0.00000,73,120,78,92,73,99,17,36.7,36.9,0,
2026-09-03T17:55:11.134Z,simulation,0.02116,0.02459,0.10000,0.89571,73,120,78,92,73,99,17,36.7,36.9,0,
2026-09-03T17:55:11.155Z,simulation,0.02275,0.01468,0.29342,0.00000,73,120,78,92,73,99,17,36.7,36.9,0,
2026-09-03T17:55:11.174Z,simulation,0.02453,0.02378,0.40443,0.86181,73,120,78,92,73,99,17,36.7,36.9,0,
2026-09-03T17:55:11.195Z,simulation,0.02080,0.03410,0.54144,0.00000,73,120,78,92,73,99,17,36.7,36.9,0,
2026-09-03T17:55:11.215Z,simulation,0.02147,0.03288,0.68974,0.82353,73,120,78,92,73,99,17,36.7,36.9,0,
2026-09-03T17:55:11.235Z,simulation,0.05206,0.06702,0.82587,0.00000,73,120,78,92,73,99,17,36.7,36.9,0,
2026-09-03T17:55:11.254Z,simulation,0.09181,0.10271,0.92313,0.78108,73,120,78,92,73,99,17,36.7,36.9,0,
2026-09-03T17:55:11.275Z,simulation,0.13841,0.11072,0.96001,0.00000,73,120,78,92,73,99,17,36.7,36.9,0,
2026-09-03T17:55:11.295Z,simulation,0.13728,0.08785,0.92789,0.73468,73,120,78,92,73,99,17,36.7,36.9,0,
2026-09-03T17:55:11.315Z,simulation,0.08449,0.04982,0.83444,0.00000,73,120,78,92,73,99,17,36.7,36.9,0,
2026-09-03T17:55:11.335Z,simulation,0.04910,0.02758,0.70071,0.68455,73,120,78,92,73,99,17,36.7,36.9,0,
2026-09-03T17:55:11.355Z,simulation,0.03201,0.02195,0.55373,0.00000,73,120,78,92,73,99,17,36.7,36.9,0,
2026-09-03T17:55:11.375Z,simulation,0.02214,0.01755,0.41803,0.63095,73,120,78,92,73,99,17,36.7,36.9,0,
2026-09-03T17:55:11.395Z,simulation,0.02439,0.00499,0.30960,0.00000,73,120,78,92,73,99,17,36.7,36.9,0,
2026-09-03T17:55:11.415Z,simulation,-0.01546,-0.13002,0.23240,0.57415,73,120,78,92,73,99,17,36.7,36.9,0,
2026-09-03T17:55:11.435Z,simulation,-0.16278,0.21427,0.17596,0.00000,73,120,78,92,73,99,17,36.7,36.9,0,
2026-09-03T17:55:11.455Z,simulation,0.39888,0.66054,0.12370,0.51444,73,120,78,92,73,99,17,36.7,36.9,0,
2026-09-03T17:55:11.475Z,simulation,0.66046,-0.22835,0.08429,0.00000,73,120,78,92,73,99,17,36.7,36.9,0,
2026-09-03T17:55:11.495Z,simulation,-0.31918,-0.07680,0.09792,0.45212,73,120,78,92,73,99,17,36.7,36.9,0,
2026-09-03T17:55:11.515Z,simulation,-0.06431,0.01746,0.17170,0.00000,73,120,78,92,73,99,17,36.7,36.9,0,
2026-09-03T17:55:11.535Z,simulation,0.02098,0.03264,0.25537,0.38752,73,120,78,92,73,99,17,36.7,36.9,0,
2026-09-03T17:55:11.555Z,simulation,0.03281,0.04568,0.30808,0.00000,73,120,78,92,73,99,17,36.7,36.9,0,
2026-09-03T17:55:11.576Z,simulation,0.06131,0.08154,0.32806,0.32094,73,120,78,92,73,99,17,36.7,36.9,0,
2026-09-03T17:55:11.595Z,simulation,0.09551,0.11721,0.32506,0.00000,73,120,78,92,73,99,17,36.7,36.9,0,
2026-09-03T17:55:11.615Z,simulation,0.16331,0.17274,0.30537,0.25274,73,120,78,92,73,99,17,36.7,36.9,0,
2026-09-03T17:55:11.635Z,simulation,0.22934,0.22847,0.27410,0.00000,73,120,78,92,73,99,17,36.7,36.9,0,
2026-09-03T17:55:11.655Z,simulation,0.28623,0.24717,0.23718,0.18327,73,120,78,92,73,99,17,36.7,36.9,0,
2026-09-03T17:55:11.675Z,simulation,0.31860,0.25774,0.20047,0.00000,73,120,78,92,73,99,17,36.7,36.9,0,
2026-09-03T17:55:11.695Z,simulation,0.32127,0.20677,0.16840,0.11286,73,120,78,92,73,99,17,36.7,36.9,0,
2026-09-03T17:55:11.715Z,simulation,0.26943,0.16073,0.14328,0.00000,73,120,78,92,73,99,17,36.7,36.9,0,
2026-09-03T17:55:11.735Z,simulation,0.19639,0.09987,0.12546,0.04188,73,120,78,92,73,99,17,36.7,36.9,0,
2026-09-03T17:55:11.755Z,simulation,0.12501,0.06704,0.11392,0.00000,73,120,78,92,73,99,17,36.7,36.9,0,
2026-09-03T17:55:11.775Z,simulation,0.06978,0.02863,0.10707,-0.02932,73,120,78,92,73,99,17,36.7,36.9,0,
2026-09-03T17:55:11.795Z,simulation,0.03630,0.00989,0.10334,0.00000,73,120,78,92,73,99,17,36.7,36.9,0,
2026-09-03T17:55:11.815Z,simulation,0.02372,0.00187,0.10147,-0.10036,73,120,78,92,73,99,17,36.7,36.9,0,
2026-09-03T17:55:11.835Z,simulation,0.01051,0.00050,0.10060,0.00000,73,120,78,92,73,99,17,36.7,36.9,0,
2026-09-03T17:55:11.855Z,simulation,0.00808,0.00579,0.10023,-0.17090,73,120,78,92,73,99,17,36.7,36.9,0,
2026-09-03T17:55:11.875Z,simulation,-0.00165,-0.00757,0.10008,0.00000,73,120,78,92,73,99,17,36.7,36.9,0,
2026-09-03T17:55:11.895Z,simulation,-0.00181,0.00294,0.10003,-0.24057,73,120,78,92,73,99,17,36.7,36.9,0,
2026-09-03T17:55:11.915Z,simulation,0.00096,-0.00490,0.10001,0.00000,73,120,78,92,73,99,17,36.7,36.9,0,
2026-09-03T17:55:11.935Z,simulation,0.00388,0.00384,0.10000,-0.30902,73,120,78,92,73,99,17,36.7,36.9,0,
2026-09-03T17:55:11.955Z,simulation,-0.01165,-0.00317,0.10000,0.00000,73,120,78,92,73,99,17,36.7,36.9,0,
2026-09-03T17:55:11.975Z,simulation,-0.00520,-0.00709,0.28440,-0.37590,73,120,78,92,73,99,17,36.7,36.9,0,
2026-09-03T17:55:11.995Z,simulation,-0.00237,-0.01460,0.39251,0.00000,73,120,78,92,73,99,17,36.7,36.9,0,
2026-09-03T17:55:12.015Z,simulation,-0.00337,-0.00678,0.52750,-0.44088,73,120,78,92,73,99,17,36.7,36.9,0,
2026-09-03T17:55:12.034Z,simulation,0.00381,0.01146,0.67562,0.00000,73,120,78,92,73,99,17,36.7,36.9,0,
2026-09-03T17:55:12.055Z,simulation,0.00448,0.03517,0.81409,-0.50362,73,120,78,92,73,99,17,36.7,36.9,0,
2026-09-03T17:55:12.075Z,simulation,0.05115,0.07780,0.91616,0.00000,73,120,78,92,73,99,17,36.7,36.9,0,
2026-09-03T17:55:12.095Z,simulation,0.10555,0.08306,0.95945,-0.56381,73,120,78,92,73,99,17,36.7,36.9,0,
2026-09-03T17:55:12.115Z,simulation,0.10705,0.04622,0.93387,0.00000,73,120,78,92,73,99,17,36.7,36.9,0,
2026-09-03T17:55:12.135Z,simulation,0.06701,0.01948,0.84555,-0.62115,73,120,78,92,73,99,17,36.7,36.9,0,
2026-09-03T17:55:12.155Z,simulation,0.01387,-0.00996,0.71455,0.00000,73,120,78,92,73,99,17,36.7,36.9,0,
2026-09-03T17:55:12.175Z,simulation,-0.00047,-0.01517,0.56767,-0.67533,73,120,78,92,73,99,17,36.7,36.9,0,
2026-09-03T17:55:12.195Z,simulation,-0.01931,-0.01774,0.43003,0.00000,73,120,78,92,73,99,17,36.7,36.9,0,
2026-09-03T17:55:12.215Z,simulation,-0.00638,-0.01812,0.31861,-0.72609,73,120,78,92,73,99,17,36.7,36.9,0,
2026-09-03T17:55:12.236Z,simulation,-0.04117,-0.15075,0.23863,0.00000,73,120,78,92,73,99,17,36.7,36.9,0,
2026-09-03T17:55:12.255Z,simulation,-0.20058,0.09980,0.18100,-0.77318,73,120,78,92,73,99,17,36.7,36.9,0,
2026-09-03T17:55:12.275Z,simulation,0.24072,0.75215,0.12863,0.00000,73,120,78,92,73,99,17,36.7,36.9,0,
2026-09-03T17:55:12.295Z,simulation,0.79555,-0.24455,0.08642,-0.81634,73,120,78,92,73,99,17,36.7,36.9,0,
2026-09-03T17:55:12.315Z,simulation,-0.33321,-0.12467,0.09356,0.00000,73,120,78,92,73,99,17,36.7,36.9,0,
2026-09-03T17:55:12.335Z,simulation,-0.12610,-0.01081,0.16323,-0.85536,73,120,78,92,73,99,17,36.7,36.9,0,
2026-09-03T17:55:12.355Z,simulation,-0.02065,0.00187,0.24839,0.00000,73,120,78,92,73,99,17,36.7,36.9,0,
2026-09-03T17:55:12.375Z,simulation,-0.00119,0.00527,0.30461,-0.89005,73,120,78,92,73,99,17,36.7,36.9,0,
2026-09-03T17:55:12.394Z,simulation,0.01840,0.03742,0.32727,0.00000,73,120,78,92,73,99,17,36.7,36.9,0,
2026-09-03T17:55:12.415Z,simulation,0.07084,0.09167,0.32615,-0.92023,73,120,78,92,73,99,17,36.7,36.9,0,
2026-09-03T17:55:12.435Z,simulation,0.13019,0.13346,0.30785,0.00000,73,120,78,92,73,99,17,36.7,36.9,0,
2026-09-03T17:55:12.455Z,simulation,0.19376,0.19485,0.27744,-0.94575,73,120,78,92,73,99,17,36.7,36.9,0,
2026-09-03T17:55:12.475Z,simulation,0.25437,0.22178,0.24079,0.00000,73,120,78,92,73,99,17,36.7,36.9,0,
2026-09-03T17:55:12.494Z,simulation,0.29462,0.21613,0.20384,-0.96647,73,120,78,92,73,99,17,36.7,36.9,0,
2026-09-03T17:55:12.515Z,simulation,0.28040,0.19792,0.17119,0.00000,73,120,78,92,73,99,17,36.7,36.9,0,
2026-09-03T17:55:12.535Z,simulation,0.23489,0.12823,0.14537,-0.98229,73,120,78,92,73,99,17,36.7,36.9,0,
2026-09-03T17:55:12.555Z,simulation,0.17390,0.07294,0.12687,0.00000,73,120,78,92,73,99,17,36.7,36.9,0,
2026-09-03T17:55:12.575Z,simulation,0.10412,0.03868,0.11479,-0.99313,73,120,78,92,73,99,17,36.7,36.9,0,
2026-09-03T17:55:12.595Z,simulation,0.05211,-0.00109,0.10757,0.00000,73,120,78,92,73,99,17,36.7,36.9,0,
2026-09-03T17:55:12.616Z,simulation,0.00257,-0.01924,0.10360,-0.99894,73,120,78,92,73,99,17,36.7,36.9,0,
2026-09-03T17:55:12.635Z,simulation,-0.01726,-0.01438,0.10159,0.00000,73,120,78,92,73,99,17,36.7,36.9,0,
2026-09-03T17:55:12.655Z,simulation,-0.02642,-0.03213,0.10065,-0.99968,73,120,78,92,73,99,17,36.7,36.9,0,
2026-09-03T17:55:12.675Z,simulation,-0.01899,-0.02982,0.10025,0.00000,73,120,78,92,73,99,17,36.7,36.9,0,
2026-09-03T17:55:12.695Z,simulation,-0.02836,-0.02909,0.10009,-0.99536,73,120,78,92,73,99,17,36.7,36.9,0,
2026-09-03T17:55:12.715Z,simulation,-0.01889,-0.02213,0.10003,0.00000,73,120,78,92,73,99,17,36.7,36.9,0,
2026-09-03T17:55:12.736Z,simulation,-0.01962,-0.02645,0.10001,-0.98600,73,120,78,92,73,99,17,36.7,36.9,0,
2026-09-03T17:55:12.755Z,simulation,-0.02530,-0.02847,0.10000,0.00000,73,120,78,92,73,99,17,36.7,36.9,0,
2026-09-03T17:55:12.774Z,simulation,-0.01953,-0.02601,0.10000,-0.97163,73,120,78,92,73,99,17,36.7,36.9,0,
2026-09-03T17:55:12.795Z,simulation,-0.01616,-0.02648,0.27566,0.00000,73,120,78,92,73,99,17,36.7,36.9,0,
2026-09-03T17:55:12.814Z,simulation,-0.01592,-0.03304,0.38085,-0.95234,73,120,78,92,73,99,17,36.7,36.9,0,
2026-09-03T17:55:12.835Z,simulation,-0.03234,-0.02538,0.51369,0.00000,73,120,78,92,73,99,17,36.7,36.9,0,
2026-09-03T17:55:12.855Z,simulation,-0.02383,-0.01240,0.66143,-0.92823,73,120,78,92,73,99,17,36.7,36.9,0,
2026-09-03T17:55:12.875Z,simulation,-0.01006,0.02434,0.80197,0.00000,73,120,78,92,73,99,17,36.7,36.9,0,
2026-09-03T17:55:12.895Z,simulation,0.03753,0.05327,0.90864,-0.89941,73,120,78,92,73,99,17,36.7,36.9,0,
2026-09-03T17:55:12.915Z,simulation,0.08522,0.07635,0.95824,0.00000,72,120,78,92,72,99,17,36.8,36.9,0,
2026-09-03T17:55:12.935Z,simulation,-0.02435,-0.02126,0.28887,-0.86603,72,120,78,92,72,99,17,36.8,36.9,0,
2026-09-03T17:55:12.955Z,simulation,-0.02242,-0.03019,0.39674,0.00000,72,120,78,92,72,99,17,36.8,36.9,0,
2026-09-03T17:55:12.975Z,simulation,-0.01655,-0.01424,0.53048,-0.82826,72,120,78,92,72,99,17,36.8,36.9,0,
2026-09-03T17:55:12.995Z,simulation,-0.01770,-0.01415,0.67664,0.00000,72,120,78,92,72,99,17,36.8,36.9,0,
2026-09-03T17:55:13.015Z,simulation,0.00393,0.02180,0.81323,-0.78629,72,120,78,92,72,99,17,36.8,36.9,0,
2026-09-03T17:55:13.035Z,simulation,0.04168,0.05380,0.91460,0.00000,72,120,78,92,72,99,17,36.8,36.9,0,
2026-09-03T17:55:13.055Z,simulation,0.08386,0.06519,0.95909,-0.74034,72,120,78,92,72,99,17,36.8,36.9,0,
2026-09-03T17:55:13.075Z,simulation,0.10445,0.03973,0.93664,0.00000,72,120,78,92,72,99,17,36.8,36.9,0,
2026-09-03T17:55:13.095Z,simulation,0.06445,0.01838,0.85249,-0.69063,72,120,78,92,72,99,17,36.8,36.9,0,
2026-09-03T17:55:13.114Z,simulation,0.00832,-0.01944,0.72531,0.00000,72,120,78,92,72,99,17,36.8,36.9,0,
2026-09-03T17:55:13.135Z,simulation,-0.01670,-0.01556,0.58070,-0.63742,72,120,78,92,72,99,17,36.8,36.9,0,
2026-09-03T17:55:13.155Z,simulation,-0.01385,-0.01061,0.44317,0.00000,72,120,78,92,72,99,17,36.8,36.9,0,
2026-09-03T17:55:13.174Z,simulation,-0.01516,-0.01592,0.32994,-0.58099,72,120,78,92,72,99,17,36.8,36.9,0,
2026-09-03T17:55:13.195Z,simulation,-0.02976,-0.13120,0.24743,0.00000,72,120,78,92,72,99,17,36.8,36.9,0,
2026-09-03T17:55:13.215Z,simulation,-0.18792,-0.00068,0.18861,-0.52161,72,120,78,92,72,99,17,36.8,36.9,0,
2026-09-03T17:55:13.235Z,simulation,0.05984,0.86242,0.13684,0.00000,72,120,78,92,72,99,17,36.8,36.9,0,
2026-09-03T17:55:13.255Z,simulation,1.04251,-0.17091,0.09138,-0.45958,72,120,78,92,72,99,17,36.8,36.9,0,
2026-09-03T17:55:13.275Z,simulation,-0.27980,-0.18058,0.08697,0.00000,72,120,78,92,72,99,17,36.8,36.9,0,
2026-09-03T17:55:13.295Z,simulation,-0.18118,-0.02484,0.14617,-0.39522,72,120,78,92,72,99,17,36.8,36.9,0,
2026-09-03T17:55:13.315Z,simulation,-0.01997,0.00495,0.23187,0.00000,72,120,78,92,72,99,17,36.8,36.9,0,
2026-09-03T17:55:13.335Z,simulation,0.00082,0.00399,0.29514,-0.32887,72,120,78,92,72,99,17,36.8,36.9,0,
2026-09-03T17:55:13.355Z,simulation,0.01683,0.04508,0.32435,0.00000,72,120,78,92,72,99,17,36.8,36.9,0,
2026-09-03T17:55:13.376Z,simulation,0.06005,0.09016,0.32826,-0.26084,72,120,78,92,72,99,17,36.8,36.9,0,
2026-09-03T17:55:13.395Z,simulation,0.11986,0.13313,0.31414,0.00000,72,120,78,92,72,99,17,36.8,36.9,0,
2026-09-03T17:55:13.415Z,simulation,0.18768,0.19911,0.28687,-0.19149,72,120,78,92,72,99,17,36.8,36.9,0,
2026-09-03T17:55:13.435Z,simulation,0.25321,0.23892,0.25187,0.00000,72,120,78,92,72,99,17,36.8,36.9,0,
2026-09-03T17:55:13.454Z,simulation,0.29888,0.23791,0.21495,-0.12118,72,120,78,92,72,99,17,36.8,36.9,0,
2026-09-03T17:55:13.475Z,simulation,0.30923,0.21235,0.18103,0.00000,72,120,78,92,72,99,17,36.8,36.9,0,
2026-09-03T17:55:13.495Z,simulation,0.28012,0.18172,0.15320,-0.05024,72,120,78,92,72,99,17,36.8,36.9,0,
2026-09-03T17:55:13.515Z,simulation,0.21260,0.12612,0.13253,0.00000,72,120,78,92,72,99,17,36.8,36.9,0,
2026-09-03T17:55:13.535Z,simulation,0.15175,0.06807,0.11853,0.02094,72,120,78,92,72,99,17,36.8,36.9,0,
2026-09-03T17:55:13.555Z,simulation,0.09285,0.04281,0.10983,0.00000,72,120,78,92,72,99,17,36.8,36.9,0,
2026-09-03T17:55:13.575Z,simulation,0.05326,0.00992,0.10486,0.09202,72,120,78,92,72,99,17,36.8,36.9,0,
2026-09-03T17:55:13.597Z,simulation,0.01640,0.00009,0.10223,0.00000,72,120,78,92,72,99,17,36.8,36.9,0,
2026-09-03T17:55:13.615Z,simulation,0.01506,0.00957,0.10096,0.16264,72,120,78,92,72,99,17,36.8,36.9,0,
2026-09-03T17:55:13.635Z,simulation,0.00859,0.00253,0.10038,0.00000,72,120,78,92,72,99,17,36.8,36.9,0,
2026-09-03T17:55:13.656Z,simulation,0.00721,0.00544,0.10014,0.23243,72,120,78,92,72,99,17,36.8,36.9,0,
2026-09-03T17:55:13.675Z,simulation,-0.00064,0.00869,0.10005,0.00000,72,120,78,92,72,99,17,36.8,36.9,0,
2026-09-03T17:55:13.695Z,simulation,-0.00397,0.01151,0.10002,0.30104,72,120,78,92,72,99,17,36.8,36.9,0,
2026-09-03T17:55:13.715Z,simulation,-0.00394,-0.00042,0.10000,0.00000,72,120,78,92,72,99,17,36.8,36.9,0,
2026-09-03T17:55:13.735Z,simulation,-0.00047,-0.00166,0.10000,0.36812,72,120,78,92,72,99,17,36.8,36.9,0,
2026-09-03T17:55:13.755Z,simulation,0.01359,0.00609,0.10000,0.00000,72,120,78,92,72,99,17,36.8,36.9,0,
2026-09-03T17:55:13.775Z,simulation,0.00044,0.01016,0.32152,0.43334,72,120,78,92,72,99,17,36.8,36.9,0,
2026-09-03T17:55:13.795Z,simulation,0.01446,0.01471,0.43891,0.00000,72,120,78,92,72,99,17,36.8,36.9,0,
2026-09-03T17:55:13.815Z,simulation,0.01013,0.00450,0.57876,0.49637,72,120,78,92,72,99,17,36.8,36.9,0,
2026-09-03T17:55:13.835Z,simulation,0.02406,0.03024,0.72449,0.00000,72,120,78,92,72,99,17,36.8,36.9,0,
2026-09-03T17:55:13.855Z,simulation,0.03769,0.06690,0.85217,0.55688,72,120,78,92,72,99,17,36.8,36.9,0,
2026-09-03T17:55:13.874Z,simulation,0.07889,0.10254,0.93654,0.00000,72,120,78,92,72,99,17,36.8,36.9,0,
2026-09-03T17:55:13.895Z,simulation,0.13444,0.10701,0.95911,0.61456,72,120,78,92,72,99,17,36.8,36.9,0,
2026-09-03T17:55:13.915Z,simulation,0.12705,0.06076,0.91475,0.00000,71,120,78,92,71,99,17,36.8,36.9,0,
2026-09-03T17:55:13.935Z,simulation,0.01889,0.01566,0.35988,0.66913,71,120,78,92,71,99,17,36.8,36.9,0,
2026-09-03T17:55:13.954Z,simulation,0.02164,0.02286,0.48461,0.00000,71,120,78,92,71,99,17,36.8,36.9,0,
2026-09-03T17:55:13.975Z,simulation,0.01981,0.02272,0.62673,0.72031,71,120,78,92,71,99,17,36.8,36.9,0,
2026-09-03T17:55:13.995Z,simulation,0.02801,0.03760,0.76756,0.00000,71,120,78,92,71,99,17,36.8,36.9,0,
2026-09-03T17:55:14.015Z,simulation,0.06199,0.08607,0.88294,0.76784,71,120,78,92,71,99,17,36.8,36.9,0,
2026-09-03T17:55:14.035Z,simulation,0.10764,0.10866,0.94977,0.00000,71,120,78,92,71,99,17,36.8,36.9,0,
2026-09-03T17:55:14.055Z,simulation,0.13646,0.09289,0.95354,0.81147,71,120,78,92,71,99,17,36.8,36.9,0,
